title,start_date,end_date,venue_id,host_id
Donec ut mauris eget massa tempor convallis.,2024-10-13,2024-10-14,2,1
Nam tristique tortor eu pede.,2024-10-13,2024-10-14,1,1
Mauris sit amet eros.,2024-10-13,2024-10-14,5,5
Aliquam non mauris.,2024-10-13,2024-10-13,4,2
Morbi porttitor lorem id ligula.,2024-10-13,2024-10-16,1,2
Aliquam non mauris.,2024-10-13,2024-10-15,4,4
Integer a nibh.,2024-10-13,2024-10-15,1,1
Fusce posuere felis sed lacus.,2024-10-13,2024-10-16,2,4
Vestibulum rutrum rutrum neque.,2024-10-13,2024-10-16,4,5
Ut tellus.,2024-10-13,2024-10-16,5,5
Fusce posuere felis sed lacus.,2024-10-13,2024-10-16,1,2
Integer ac leo.,2024-10-13,2024-10-15,4,4
Cras pellentesque volutpat dui.,2024-10-13,2024-10-14,4,4
"Morbi sem mauris, laoreet ut, rhoncus aliquet, pulvinar sed, nisl.",2024-10-13,2024-10-16,2,4
"Cum sociis natoque penatibus et magnis dis parturient montes, nascetur ridiculus mus.",2024-10-13,2024-10-15,4,1
Nunc rhoncus dui vel sem.,2024-10-13,2024-10-15,5,2
Vivamus vel nulla eget eros elementum pellentesque.,2024-10-13,2024-10-15,1,4
In hac habitasse platea dictumst.,2024-10-13,2024-10-13,3,3
Nulla nisl.,2024-10-13,2024-10-15,1,3
Duis ac nibh.,2024-10-13,2024-10-16,1,2
"Donec diam neque, vestibulum eget, vulputate ut, ultrices vel, augue.",2024-10-13,2024-10-16,5,4
"Morbi sem mauris, laoreet ut, rhoncus aliquet, pulvinar sed, nisl.",2024-10-13,2024-10-15,3,2
Integer tincidunt ante vel ipsum.,2024-10-13,2024-10-13,3,5
Donec ut dolor.,2024-10-13,2024-10-14,1,1
Aliquam quis turpis eget elit sodales scelerisque.,2024-10-13,2024-10-15,4,2
Ut tellus.,2024-10-13,2024-10-16,5,4
Nullam sit amet turpis elementum ligula vehicula consequat.,2024-10-13,2024-10-16,3,2
Phasellus sit amet erat.,2024-10-13,2024-10-16,1,5
Proin risus.,2024-10-13,2024-10-16,4,1
Donec dapibus.,2024-10-13,2024-10-14,2,2
Nam nulla.,2024-10-13,2024-10-16,1,2
Proin at turpis a pede posuere nonummy.,2024-10-13,2024-10-16,2,4
"Integer aliquet, massa id lobortis convallis, tortor risus dapibus augue, vel accumsan tellus nisi eu orci.",2024-10-13,2024-10-13,3,4
Mauris lacinia sapien quis libero.,2024-10-13,2024-10-13,2,5
Integer ac leo.,2024-10-13,2024-10-15,2,4
"Morbi odio odio, elementum eu, interdum eu, tincidunt in, leo.",2024-10-13,2024-10-14,5,5
Suspendisse potenti.,2024-10-13,2024-10-13,5,5
In eleifend quam a odio.,2024-10-13,2024-10-15,3,2
Sed sagittis.,2024-10-13,2024-10-15,1,5
Aliquam sit amet diam in magna bibendum imperdiet.,2024-10-13,2024-10-14,1,4
Donec semper sapien a libero.,2024-10-13,2024-10-15,4,4
Donec semper sapien a libero.,2024-10-13,2024-10-13,3,5
Pellentesque at nulla.,2024-10-13,2024-10-15,3,1
In hac habitasse platea dictumst.,2024-10-13,2024-10-14,4,1
Praesent lectus.,2024-10-13,2024-10-13,1,5
In congue.,2024-10-13,2024-10-14,3,5
Nulla ac enim.,2024-10-13,2024-10-16,3,4
Ut at dolor quis odio consequat varius.,2024-10-13,2024-10-16,4,4
"Nam ultrices, libero non mattis pulvinar, nulla pede ullamcorper augue, a suscipit nulla elit ac nulla.",2024-10-13,2024-10-15,2,2
Ut at dolor quis odio consequat varius.,2024-10-13,2024-10-15,2,4
Donec ut mauris eget massa tempor convallis.,2024-10-13,2024-10-14,4,2
In eleifend quam a odio.,2024-10-13,2024-10-14,2,5
Vivamus tortor.,2024-10-13,2024-10-16,3,5
Nam tristique tortor eu pede.,2024-10-13,2024-10-14,2,3
Integer a nibh.,2024-10-13,2024-10-15,1,4
"Lorem ipsum dolor sit amet, consectetuer adipiscing elit.",2024-10-13,2024-10-16,5,1
In blandit ultrices enim.,2024-10-13,2024-10-16,4,1
Nulla facilisi.,2024-10-13,2024-10-16,2,3
"Nulla neque libero, convallis eget, eleifend luctus, ultricies eu, nibh.",2024-10-13,2024-10-16,2,1
Nullam sit amet turpis elementum ligula vehicula consequat.,2024-10-13,2024-10-14,2,1
Proin at turpis a pede posuere nonummy.,2024-10-13,2024-10-13,2,3
Maecenas ut massa quis augue luctus tincidunt.,2024-10-13,2024-10-16,4,4
Morbi vel lectus in quam fringilla rhoncus.,2024-10-13,2024-10-13,5,5
"Cum sociis natoque penatibus et magnis dis parturient montes, nascetur ridiculus mus.",2024-10-13,2024-10-13,3,1
Maecenas tincidunt lacus at velit.,2024-10-13,2024-10-14,3,3
"Vestibulum ante ipsum primis in faucibus orci luctus et ultrices posuere cubilia Curae; Donec pharetra, magna vestibulum aliquet ultrices, erat tortor sollicitudin mi, sit amet lobortis sapien sapien non mi.",2024-10-13,2024-10-14,1,2
Maecenas pulvinar lobortis est.,2024-10-13,2024-10-14,3,4
Nulla nisl.,2024-10-13,2024-10-14,4,2
Aliquam quis turpis eget elit sodales scelerisque.,2024-10-13,2024-10-16,2,3
"Cum sociis natoque penatibus et magnis dis parturient montes, nascetur ridiculus mus.",2024-10-13,2024-10-14,1,1
"Fusce lacus purus, aliquet at, feugiat non, pretium quis, lectus.",2024-10-13,2024-10-14,2,4
Donec semper sapien a libero.,2024-10-13,2024-10-16,4,5
Vestibulum rutrum rutrum neque.,2024-10-13,2024-10-16,2,5
Vestibulum sed magna at nunc commodo placerat.,2024-10-13,2024-10-15,4,5
"Nullam orci pede, venenatis non, sodales sed, tincidunt eu, felis.",2024-10-13,2024-10-13,4,2
Donec quis orci eget orci vehicula condimentum.,2024-10-13,2024-10-16,1,5
In hac habitasse platea dictumst.,2024-10-13,2024-10-13,2,4
Nunc nisl.,2024-10-13,2024-10-14,1,5
Integer a nibh.,2024-10-13,2024-10-14,2,1
Duis mattis egestas metus.,2024-10-13,2024-10-14,2,1
Vivamus in felis eu sapien cursus vestibulum.,2024-10-13,2024-10-16,1,3
Nam tristique tortor eu pede.,2024-10-13,2024-10-14,2,2
Nunc nisl.,2024-10-13,2024-10-16,3,2
Nam tristique tortor eu pede.,2024-10-13,2024-10-13,5,5
Morbi quis tortor id nulla ultrices aliquet.,2024-10-13,2024-10-14,1,3
Suspendisse potenti.,2024-10-13,2024-10-15,2,1
Morbi ut odio.,2024-10-13,2024-10-13,2,3
Sed sagittis.,2024-10-13,2024-10-16,5,5
Etiam faucibus cursus urna.,2024-10-13,2024-10-16,5,4
Duis bibendum.,2024-10-13,2024-10-13,5,2
Maecenas rhoncus aliquam lacus.,2024-10-13,2024-10-15,4,1
"Cum sociis natoque penatibus et magnis dis parturient montes, nascetur ridiculus mus.",2024-10-13,2024-10-15,4,5
In eleifend quam a odio.,2024-10-13,2024-10-16,4,3
"Integer aliquet, massa id lobortis convallis, tortor risus dapibus augue, vel accumsan tellus nisi eu orci.",2024-10-13,2024-10-14,2,2
Suspendisse potenti.,2024-10-13,2024-10-14,1,4
Curabitur convallis.,2024-10-13,2024-10-16,3,5
Phasellus in felis.,2024-10-13,2024-10-16,2,3
Praesent blandit lacinia erat.,2024-10-13,2024-10-15,3,3
Vestibulum ante ipsum primis in faucibus orci luctus et ultrices posuere cubilia Curae; Duis faucibus accumsan odio.,2024-10-13,2024-10-16,5,4
"Lorem ipsum dolor sit amet, consectetuer adipiscing elit.",2024-10-13,2024-10-15,3,3
"Vivamus metus arcu, adipiscing molestie, hendrerit at, vulputate vitae, nisl.",2024-10-13,2024-10-14,5,4
Morbi porttitor lorem id ligula.,2024-10-13,2024-10-15,1,1
Nulla tellus.,2024-10-13,2024-10-16,3,3
"Fusce congue, diam id ornare imperdiet, sapien urna pretium nisl, ut volutpat sapien arcu sed augue.",2024-10-13,2024-10-14,3,3
Etiam pretium iaculis justo.,2024-10-13,2024-10-14,3,5
"Cum sociis natoque penatibus et magnis dis parturient montes, nascetur ridiculus mus.",2024-10-13,2024-10-13,2,4
Morbi non quam nec dui luctus rutrum.,2024-10-13,2024-10-14,1,1
Integer ac leo.,2024-10-13,2024-10-14,5,3
Donec vitae nisi.,2024-10-13,2024-10-15,1,1
Proin eu mi.,2024-10-13,2024-10-16,5,4
"Donec diam neque, vestibulum eget, vulputate ut, ultrices vel, augue.",2024-10-13,2024-10-13,3,4
"Nam congue, risus semper porta volutpat, quam pede lobortis ligula, sit amet eleifend pede libero quis orci.",2024-10-13,2024-10-14,4,5
Aenean fermentum.,2024-10-13,2024-10-16,1,4
Proin eu mi.,2024-10-13,2024-10-14,1,2
In hac habitasse platea dictumst.,2024-10-13,2024-10-14,3,2
Morbi non quam nec dui luctus rutrum.,2024-10-13,2024-10-15,3,3
Suspendisse potenti.,2024-10-13,2024-10-15,5,5
In hac habitasse platea dictumst.,2024-10-13,2024-10-15,1,4
Praesent id massa id nisl venenatis lacinia.,2024-10-13,2024-10-15,3,2
"Vestibulum ante ipsum primis in faucibus orci luctus et ultrices posuere cubilia Curae; Donec pharetra, magna vestibulum aliquet ultrices, erat tortor sollicitudin mi, sit amet lobortis sapien sapien non mi.",2024-10-13,2024-10-13,1,2
Nullam varius.,2024-10-13,2024-10-14,4,1
Vestibulum ante ipsum primis in faucibus orci luctus et ultrices posuere cubilia Curae; Nulla dapibus dolor vel est.,2024-10-13,2024-10-14,1,3
Praesent blandit.,2024-10-13,2024-10-16,2,1
Vestibulum rutrum rutrum neque.,2024-10-13,2024-10-13,2,1
Suspendisse potenti.,2024-10-13,2024-10-15,4,3
Integer ac leo.,2024-10-13,2024-10-14,2,5
Curabitur gravida nisi at nibh.,2024-10-13,2024-10-15,2,1
Fusce posuere felis sed lacus.,2024-10-13,2024-10-14,5,2
"Cum sociis natoque penatibus et magnis dis parturient montes, nascetur ridiculus mus.",2024-10-13,2024-10-16,5,2
Pellentesque ultrices mattis odio.,2024-10-13,2024-10-14,5,4
"Lorem ipsum dolor sit amet, consectetuer adipiscing elit.",2024-10-13,2024-10-14,3,5
Aenean lectus.,2024-10-13,2024-10-16,5,4
Cras non velit nec nisi vulputate nonummy.,2024-10-13,2024-10-13,2,3
Vivamus tortor.,2024-10-13,2024-10-14,2,1
Nullam porttitor lacus at turpis.,2024-10-13,2024-10-13,1,1
Pellentesque at nulla.,2024-10-13,2024-10-14,5,3
"Morbi vestibulum, velit id pretium iaculis, diam erat fermentum justo, nec condimentum neque sapien placerat ante.",2024-10-13,2024-10-14,5,2
Maecenas pulvinar lobortis est.,2024-10-13,2024-10-15,4,5
Nam tristique tortor eu pede.,2024-10-13,2024-10-15,2,3
"Nulla neque libero, convallis eget, eleifend luctus, ultricies eu, nibh.",2024-10-13,2024-10-15,1,1
Vivamus vel nulla eget eros elementum pellentesque.,2024-10-13,2024-10-16,4,1
Proin eu mi.,2024-10-13,2024-10-15,3,1
Aliquam non mauris.,2024-10-13,2024-10-15,3,1
Proin interdum mauris non ligula pellentesque ultrices.,2024-10-13,2024-10-13,2,1
Nam nulla.,2024-10-13,2024-10-15,2,3
In hac habitasse platea dictumst.,2024-10-13,2024-10-16,2,4
Cras pellentesque volutpat dui.,2024-10-13,2024-10-14,2,4
Integer tincidunt ante vel ipsum.,2024-10-13,2024-10-13,3,2
"In est risus, auctor sed, tristique in, tempus sit amet, sem.",2024-10-13,2024-10-16,2,2
Phasellus id sapien in sapien iaculis congue.,2024-10-13,2024-10-14,1,2
Proin at turpis a pede posuere nonummy.,2024-10-13,2024-10-16,4,5
Vestibulum ac est lacinia nisi venenatis tristique.,2024-10-13,2024-10-16,1,1
Maecenas rhoncus aliquam lacus.,2024-10-13,2024-10-13,3,2
"Fusce lacus purus, aliquet at, feugiat non, pretium quis, lectus.",2024-10-13,2024-10-13,5,2
"Quisque arcu libero, rutrum ac, lobortis vel, dapibus at, diam.",2024-10-13,2024-10-16,4,2
Sed ante.,2024-10-13,2024-10-16,2,4
Donec dapibus.,2024-10-13,2024-10-15,5,1
"Vestibulum ante ipsum primis in faucibus orci luctus et ultrices posuere cubilia Curae; Donec pharetra, magna vestibulum aliquet ultrices, erat tortor sollicitudin mi, sit amet lobortis sapien sapien non mi.",2024-10-13,2024-10-16,1,1
Mauris ullamcorper purus sit amet nulla.,2024-10-13,2024-10-16,4,5
Curabitur in libero ut massa volutpat convallis.,2024-10-13,2024-10-13,2,4
Mauris ullamcorper purus sit amet nulla.,2024-10-13,2024-10-15,1,1
Vivamus tortor.,2024-10-13,2024-10-13,3,3
Suspendisse potenti.,2024-10-13,2024-10-15,4,4
Fusce posuere felis sed lacus.,2024-10-13,2024-10-14,2,1
Aliquam erat volutpat.,2024-10-13,2024-10-14,3,2
Morbi ut odio.,2024-10-13,2024-10-16,5,4
Suspendisse potenti.,2024-10-13,2024-10-15,2,3
In sagittis dui vel nisl.,2024-10-13,2024-10-14,4,1
Duis ac nibh.,2024-10-13,2024-10-15,1,2
Integer ac leo.,2024-10-13,2024-10-13,2,5
Nulla ut erat id mauris vulputate elementum.,2024-10-13,2024-10-13,4,2
Proin risus.,2024-10-13,2024-10-16,2,3
Duis bibendum.,2024-10-13,2024-10-14,3,4
"Nam ultrices, libero non mattis pulvinar, nulla pede ullamcorper augue, a suscipit nulla elit ac nulla.",2024-10-13,2024-10-14,4,4
Morbi a ipsum.,2024-10-13,2024-10-16,3,3
Praesent blandit.,2024-10-13,2024-10-16,2,1
Sed sagittis.,2024-10-13,2024-10-14,1,4
"Morbi odio odio, elementum eu, interdum eu, tincidunt in, leo.",2024-10-13,2024-10-15,3,1
Nunc purus.,2024-10-13,2024-10-15,4,1
Fusce posuere felis sed lacus.,2024-10-13,2024-10-14,1,3
Vestibulum rutrum rutrum neque.,2024-10-13,2024-10-16,2,1
Nunc nisl.,2024-10-13,2024-10-16,3,2
Nulla nisl.,2024-10-13,2024-10-14,2,5
Donec posuere metus vitae ipsum.,2024-10-13,2024-10-16,4,4
In hac habitasse platea dictumst.,2024-10-13,2024-10-16,2,4
"Lorem ipsum dolor sit amet, consectetuer adipiscing elit.",2024-10-13,2024-10-13,3,1
"Lorem ipsum dolor sit amet, consectetuer adipiscing elit.",2024-10-13,2024-10-15,3,4
Aliquam quis turpis eget elit sodales scelerisque.,2024-10-13,2024-10-13,2,3
Maecenas pulvinar lobortis est.,2024-10-13,2024-10-15,4,3
"Vestibulum quam sapien, varius ut, blandit non, interdum in, ante.",2024-10-13,2024-10-16,1,2
"Maecenas leo odio, condimentum id, luctus nec, molestie sed, justo.",2024-10-13,2024-10-14,3,4
Pellentesque at nulla.,2024-10-13,2024-10-16,2,1
Integer non velit.,2024-10-13,2024-10-14,5,1
Curabitur at ipsum ac tellus semper interdum.,2024-10-13,2024-10-13,1,1
"Integer aliquet, massa id lobortis convallis, tortor risus dapibus augue, vel accumsan tellus nisi eu orci.",2024-10-13,2024-10-15,1,5
"In est risus, auctor sed, tristique in, tempus sit amet, sem.",2024-10-13,2024-10-13,1,4
Nulla tempus.,2024-10-13,2024-10-14,2,2
Quisque id justo sit amet sapien dignissim vestibulum.,2024-10-13,2024-10-15,5,4
Praesent blandit.,2024-10-13,2024-10-14,3,3
"Lorem ipsum dolor sit amet, consectetuer adipiscing elit.",2024-10-13,2024-10-15,1,5
Phasellus id sapien in sapien iaculis congue.,2024-10-13,2024-10-16,2,1
Etiam faucibus cursus urna.,2024-10-13,2024-10-13,2,5
In sagittis dui vel nisl.,2024-10-13,2024-10-16,1,2
Morbi quis tortor id nulla ultrices aliquet.,2024-10-13,2024-10-14,2,4
Praesent id massa id nisl venenatis lacinia.,2024-10-13,2024-10-13,1,4
Morbi non quam nec dui luctus rutrum.,2024-10-13,2024-10-14,2,4
Vivamus vestibulum sagittis sapien.,2024-10-13,2024-10-14,1,4
Fusce posuere felis sed lacus.,2024-10-13,2024-10-14,1,5
Curabitur convallis.,2024-10-13,2024-10-14,4,5
Quisque id justo sit amet sapien dignissim vestibulum.,2024-10-13,2024-10-16,4,5
Praesent blandit.,2024-10-13,2024-10-13,2,1
Fusce consequat.,2024-10-13,2024-10-16,3,4
"Donec odio justo, sollicitudin ut, suscipit a, feugiat et, eros.",2024-10-13,2024-10-16,4,5
"Fusce lacus purus, aliquet at, feugiat non, pretium quis, lectus.",2024-10-13,2024-10-14,1,2
Donec semper sapien a libero.,2024-10-13,2024-10-14,1,4
Nunc purus.,2024-10-13,2024-10-13,2,1
Curabitur at ipsum ac tellus semper interdum.,2024-10-13,2024-10-16,3,1
"Nam ultrices, libero non mattis pulvinar, nulla pede ullamcorper augue, a suscipit nulla elit ac nulla.",2024-10-13,2024-10-15,4,2
"Proin leo odio, porttitor id, consequat in, consequat ut, nulla.",2024-10-13,2024-10-15,5,1
Morbi porttitor lorem id ligula.,2024-10-13,2024-10-15,4,1
Vivamus vel nulla eget eros elementum pellentesque.,2024-10-13,2024-10-16,1,3
"Aliquam augue quam, sollicitudin vitae, consectetuer eget, rutrum at, lorem.",2024-10-13,2024-10-16,2,4
Quisque id justo sit amet sapien dignissim vestibulum.,2024-10-13,2024-10-16,2,1
Etiam justo.,2024-10-13,2024-10-16,4,3
Suspendisse potenti.,2024-10-13,2024-10-16,2,2
Duis at velit eu est congue elementum.,2024-10-13,2024-10-16,4,2
"Quisque erat eros, viverra eget, congue eget, semper rutrum, nulla.",2024-10-13,2024-10-16,1,1
"Fusce lacus purus, aliquet at, feugiat non, pretium quis, lectus.",2024-10-13,2024-10-15,3,4
Phasellus id sapien in sapien iaculis congue.,2024-10-13,2024-10-13,1,4
Nunc purus.,2024-10-13,2024-10-15,4,5
Quisque id justo sit amet sapien dignissim vestibulum.,2024-10-13,2024-10-14,5,4
Duis bibendum.,2024-10-13,2024-10-13,2,2
"Aliquam augue quam, sollicitudin vitae, consectetuer eget, rutrum at, lorem.",2024-10-13,2024-10-13,5,2
Aenean sit amet justo.,2024-10-13,2024-10-16,5,5
"Integer pede justo, lacinia eget, tincidunt eget, tempus vel, pede.",2024-10-13,2024-10-16,3,4
Vestibulum ac est lacinia nisi venenatis tristique.,2024-10-13,2024-10-13,5,2
Nulla ac enim.,2024-10-13,2024-10-13,4,4
Proin eu mi.,2024-10-13,2024-10-14,2,3
Nullam sit amet turpis elementum ligula vehicula consequat.,2024-10-13,2024-10-13,5,3
Sed accumsan felis.,2024-10-13,2024-10-14,4,2
Integer tincidunt ante vel ipsum.,2024-10-13,2024-10-13,5,5
Nullam sit amet turpis elementum ligula vehicula consequat.,2024-10-13,2024-10-13,2,4
Pellentesque viverra pede ac diam.,2024-10-13,2024-10-14,5,2
Donec dapibus.,2024-10-13,2024-10-13,4,1
Aenean fermentum.,2024-10-13,2024-10-13,2,1
Pellentesque at nulla.,2024-10-13,2024-10-15,1,5
Vivamus vel nulla eget eros elementum pellentesque.,2024-10-13,2024-10-15,2,3
Maecenas tincidunt lacus at velit.,2024-10-13,2024-10-13,5,1
Vestibulum ante ipsum primis in faucibus orci luctus et ultrices posuere cubilia Curae; Duis faucibus accumsan odio.,2024-10-13,2024-10-15,4,3
Donec vitae nisi.,2024-10-13,2024-10-14,4,1
Pellentesque viverra pede ac diam.,2024-10-13,2024-10-14,1,4
Nunc nisl.,2024-10-13,2024-10-16,2,4
"Donec odio justo, sollicitudin ut, suscipit a, feugiat et, eros.",2024-10-13,2024-10-13,1,2
Quisque id justo sit amet sapien dignissim vestibulum.,2024-10-13,2024-10-13,1,5
Maecenas ut massa quis augue luctus tincidunt.,2024-10-13,2024-10-13,5,1
Maecenas rhoncus aliquam lacus.,2024-10-13,2024-10-14,5,5
Duis at velit eu est congue elementum.,2024-10-13,2024-10-16,1,2
"In est risus, auctor sed, tristique in, tempus sit amet, sem.",2024-10-13,2024-10-13,2,1
"Donec diam neque, vestibulum eget, vulputate ut, ultrices vel, augue.",2024-10-13,2024-10-15,4,1
Etiam pretium iaculis justo.,2024-10-13,2024-10-14,3,3
"Cras mi pede, malesuada in, imperdiet et, commodo vulputate, justo.",2024-10-13,2024-10-15,4,4
"Nulla neque libero, convallis eget, eleifend luctus, ultricies eu, nibh.",2024-10-13,2024-10-15,1,5
"Nam congue, risus semper porta volutpat, quam pede lobortis ligula, sit amet eleifend pede libero quis orci.",2024-10-13,2024-10-13,1,3
"Quisque erat eros, viverra eget, congue eget, semper rutrum, nulla.",2024-10-13,2024-10-13,5,5
Duis consequat dui nec nisi volutpat eleifend.,2024-10-13,2024-10-16,3,3
Proin risus.,2024-10-13,2024-10-15,1,2
Duis ac nibh.,2024-10-13,2024-10-15,4,1
Nunc nisl.,2024-10-13,2024-10-16,5,2
Aliquam quis turpis eget elit sodales scelerisque.,2024-10-13,2024-10-13,5,5
Fusce posuere felis sed lacus.,2024-10-13,2024-10-16,5,3
Proin eu mi.,2024-10-13,2024-10-13,3,4
"Fusce congue, diam id ornare imperdiet, sapien urna pretium nisl, ut volutpat sapien arcu sed augue.",2024-10-13,2024-10-15,4,1
Morbi porttitor lorem id ligula.,2024-10-13,2024-10-15,5,1
"Duis bibendum, felis sed interdum venenatis, turpis enim blandit mi, in porttitor pede justo eu massa.",2024-10-13,2024-10-13,4,5
"Nam congue, risus semper porta volutpat, quam pede lobortis ligula, sit amet eleifend pede libero quis orci.",2024-10-13,2024-10-13,1,3
Nulla justo.,2024-10-13,2024-10-14,2,2
Ut at dolor quis odio consequat varius.,2024-10-13,2024-10-14,4,4
Nulla facilisi.,2024-10-13,2024-10-16,4,1
Vestibulum ante ipsum primis in faucibus orci luctus et ultrices posuere cubilia Curae; Mauris viverra diam vitae quam.,2024-10-13,2024-10-13,4,1
Donec ut dolor.,2024-10-13,2024-10-15,1,4
Praesent id massa id nisl venenatis lacinia.,2024-10-13,2024-10-15,3,1
Praesent blandit lacinia erat.,2024-10-13,2024-10-16,4,3
In hac habitasse platea dictumst.,2024-10-13,2024-10-16,4,2
"Integer aliquet, massa id lobortis convallis, tortor risus dapibus augue, vel accumsan tellus nisi eu orci.",2024-10-13,2024-10-15,3,2
Nullam porttitor lacus at turpis.,2024-10-13,2024-10-16,1,1
Mauris sit amet eros.,2024-10-13,2024-10-14,2,5
Integer tincidunt ante vel ipsum.,2024-10-13,2024-10-13,3,4
Donec quis orci eget orci vehicula condimentum.,2024-10-13,2024-10-16,5,3
"Donec odio justo, sollicitudin ut, suscipit a, feugiat et, eros.",2024-10-13,2024-10-13,4,3
Pellentesque eget nunc.,2024-10-13,2024-10-15,2,2
Curabitur at ipsum ac tellus semper interdum.,2024-10-13,2024-10-13,2,4
Vestibulum sed magna at nunc commodo placerat.,2024-10-13,2024-10-15,1,3
Proin eu mi.,2024-10-13,2024-10-13,5,2
Pellentesque ultrices mattis odio.,2024-10-13,2024-10-16,1,4
Nulla suscipit ligula in lacus.,2024-10-13,2024-10-15,1,4
"Quisque erat eros, viverra eget, congue eget, semper rutrum, nulla.",2024-10-13,2024-10-15,3,2
"Cum sociis natoque penatibus et magnis dis parturient montes, nascetur ridiculus mus.",2024-10-13,2024-10-13,3,5
Pellentesque ultrices mattis odio.,2024-10-13,2024-10-16,5,3
Nulla nisl.,2024-10-13,2024-10-14,3,4
Vestibulum ante ipsum primis in faucibus orci luctus et ultrices posuere cubilia Curae; Mauris viverra diam vitae quam.,2024-10-13,2024-10-14,4,1
Integer ac leo.,2024-10-13,2024-10-16,2,4
Pellentesque viverra pede ac diam.,2024-10-13,2024-10-14,2,3
Maecenas ut massa quis augue luctus tincidunt.,2024-10-13,2024-10-14,4,4
"Quisque erat eros, viverra eget, congue eget, semper rutrum, nulla.",2024-10-13,2024-10-13,5,1
"Quisque arcu libero, rutrum ac, lobortis vel, dapibus at, diam.",2024-10-13,2024-10-14,1,4
"Nullam orci pede, venenatis non, sodales sed, tincidunt eu, felis.",2024-10-13,2024-10-14,3,5
Aliquam erat volutpat.,2024-10-13,2024-10-13,5,5
Integer ac leo.,2024-10-13,2024-10-13,5,4
Phasellus id sapien in sapien iaculis congue.,2024-10-13,2024-10-13,2,4
"Cum sociis natoque penatibus et magnis dis parturient montes, nascetur ridiculus mus.",2024-10-13,2024-10-14,4,2
Nulla ac enim.,2024-10-13,2024-10-15,2,1
Ut at dolor quis odio consequat varius.,2024-10-13,2024-10-13,2,1
Vestibulum ante ipsum primis in faucibus orci luctus et ultrices posuere cubilia Curae; Duis faucibus accumsan odio.,2024-10-13,2024-10-16,3,2
Duis bibendum.,2024-10-13,2024-10-15,1,4
Mauris ullamcorper purus sit amet nulla.,2024-10-13,2024-10-15,4,1
Nulla ut erat id mauris vulputate elementum.,2024-10-13,2024-10-15,4,2
Curabitur gravida nisi at nibh.,2024-10-13,2024-10-14,4,2
Nulla facilisi.,2024-10-13,2024-10-16,5,2
Aliquam non mauris.,2024-10-13,2024-10-13,2,5
Vivamus tortor.,2024-10-13,2024-10-16,2,4
Sed accumsan felis.,2024-10-13,2024-10-13,5,5
Proin risus.,2024-10-13,2024-10-13,4,5
Nulla nisl.,2024-10-13,2024-10-15,3,2
Nunc rhoncus dui vel sem.,2024-10-13,2024-10-15,5,3
Nam dui.,2024-10-13,2024-10-15,1,4
Donec ut mauris eget massa tempor convallis.,2024-10-13,2024-10-16,4,3
Curabitur at ipsum ac tellus semper interdum.,2024-10-13,2024-10-14,1,4
Integer ac neque.,2024-10-13,2024-10-15,5,4
Morbi non lectus.,2024-10-13,2024-10-16,2,1
Vivamus vestibulum sagittis sapien.,2024-10-13,2024-10-16,1,4
Etiam faucibus cursus urna.,2024-10-13,2024-10-13,2,2
Cras in purus eu magna vulputate luctus.,2024-10-13,2024-10-16,2,2
"Quisque erat eros, viverra eget, congue eget, semper rutrum, nulla.",2024-10-13,2024-10-16,3,1
Suspendisse ornare consequat lectus.,2024-10-13,2024-10-13,3,4
Cras in purus eu magna vulputate luctus.,2024-10-13,2024-10-15,1,5
Pellentesque eget nunc.,2024-10-13,2024-10-16,4,4
Cras non velit nec nisi vulputate nonummy.,2024-10-13,2024-10-15,3,4
"Cras mi pede, malesuada in, imperdiet et, commodo vulputate, justo.",2024-10-13,2024-10-13,2,3
Mauris ullamcorper purus sit amet nulla.,2024-10-13,2024-10-13,1,4
In hac habitasse platea dictumst.,2024-10-13,2024-10-14,3,5
Duis ac nibh.,2024-10-13,2024-10-13,2,3
Nunc nisl.,2024-10-13,2024-10-15,2,2
Morbi quis tortor id nulla ultrices aliquet.,2024-10-13,2024-10-14,2,1
Nam tristique tortor eu pede.,2024-10-13,2024-10-15,5,3
"Vestibulum quam sapien, varius ut, blandit non, interdum in, ante.",2024-10-13,2024-10-15,2,1
Nulla facilisi.,2024-10-13,2024-10-14,2,5
Aliquam sit amet diam in magna bibendum imperdiet.,2024-10-13,2024-10-15,1,4
Duis ac nibh.,2024-10-13,2024-10-15,4,3
Proin at turpis a pede posuere nonummy.,2024-10-13,2024-10-15,2,5
"In tempor, turpis nec euismod scelerisque, quam turpis adipiscing lorem, vitae mattis nibh ligula nec sem.",2024-10-13,2024-10-16,5,2
In congue.,2024-10-13,2024-10-14,2,2
Duis consequat dui nec nisi volutpat eleifend.,2024-10-13,2024-10-16,2,5
Fusce consequat.,2024-10-13,2024-10-13,2,2
Nulla tellus.,2024-10-13,2024-10-15,4,1
"Fusce lacus purus, aliquet at, feugiat non, pretium quis, lectus.",2024-10-13,2024-10-13,2,2
Praesent blandit.,2024-10-13,2024-10-16,3,5
Praesent blandit.,2024-10-13,2024-10-13,5,3
Morbi ut odio.,2024-10-13,2024-10-14,5,3
Vivamus in felis eu sapien cursus vestibulum.,2024-10-13,2024-10-15,5,3
"Nulla neque libero, convallis eget, eleifend luctus, ultricies eu, nibh.",2024-10-13,2024-10-14,2,2
Cras non velit nec nisi vulputate nonummy.,2024-10-13,2024-10-13,1,1
Nulla suscipit ligula in lacus.,2024-10-13,2024-10-16,4,2
Nunc rhoncus dui vel sem.,2024-10-13,2024-10-14,4,3
Donec ut mauris eget massa tempor convallis.,2024-10-13,2024-10-14,1,2
Sed sagittis.,2024-10-13,2024-10-14,2,1
Morbi ut odio.,2024-10-13,2024-10-13,4,5
Donec semper sapien a libero.,2024-10-13,2024-10-16,3,5
Cras non velit nec nisi vulputate nonummy.,2024-10-13,2024-10-14,4,1
Morbi porttitor lorem id ligula.,2024-10-13,2024-10-16,5,5
Mauris ullamcorper purus sit amet nulla.,2024-10-13,2024-10-16,4,4
Vivamus tortor.,2024-10-13,2024-10-13,3,3
Aenean sit amet justo.,2024-10-13,2024-10-14,2,2
Nulla justo.,2024-10-13,2024-10-15,4,1
Aenean auctor gravida sem.,2024-10-13,2024-10-13,3,1
Aenean sit amet justo.,2024-10-13,2024-10-14,5,1
In hac habitasse platea dictumst.,2024-10-13,2024-10-13,5,4
Quisque id justo sit amet sapien dignissim vestibulum.,2024-10-13,2024-10-15,3,2
Nulla facilisi.,2024-10-13,2024-10-14,3,5
Quisque id justo sit amet sapien dignissim vestibulum.,2024-10-13,2024-10-14,2,5
Curabitur at ipsum ac tellus semper interdum.,2024-10-13,2024-10-14,4,2
Nunc nisl.,2024-10-13,2024-10-13,5,2
Aliquam erat volutpat.,2024-10-13,2024-10-15,2,5
"Cras mi pede, malesuada in, imperdiet et, commodo vulputate, justo.",2024-10-13,2024-10-13,5,1
Nulla ac enim.,2024-10-13,2024-10-13,3,5
Cras in purus eu magna vulputate luctus.,2024-10-13,2024-10-14,5,4
In hac habitasse platea dictumst.,2024-10-13,2024-10-14,4,1
Fusce posuere felis sed lacus.,2024-10-13,2024-10-13,3,5
Nam tristique tortor eu pede.,2024-10-13,2024-10-15,1,2
Donec dapibus.,2024-10-13,2024-10-14,5,5
"Nam congue, risus semper porta volutpat, quam pede lobortis ligula, sit amet eleifend pede libero quis orci.",2024-10-13,2024-10-13,4,1
Suspendisse potenti.,2024-10-13,2024-10-16,5,3
"Lorem ipsum dolor sit amet, consectetuer adipiscing elit.",2024-10-13,2024-10-13,2,1
"In est risus, auctor sed, tristique in, tempus sit amet, sem.",2024-10-13,2024-10-14,2,1
Suspendisse potenti.,2024-10-13,2024-10-16,1,4
"Nam ultrices, libero non mattis pulvinar, nulla pede ullamcorper augue, a suscipit nulla elit ac nulla.",2024-10-13,2024-10-13,3,4
Praesent blandit.,2024-10-13,2024-10-14,4,4
Vivamus tortor.,2024-10-13,2024-10-14,2,1
Donec vitae nisi.,2024-10-13,2024-10-14,4,4
"In est risus, auctor sed, tristique in, tempus sit amet, sem.",2024-10-13,2024-10-14,5,2
"Morbi odio odio, elementum eu, interdum eu, tincidunt in, leo.",2024-10-13,2024-10-16,2,1
Duis at velit eu est congue elementum.,2024-10-13,2024-10-13,3,2
Morbi quis tortor id nulla ultrices aliquet.,2024-10-13,2024-10-13,5,5
Duis aliquam convallis nunc.,2024-10-13,2024-10-14,5,3
Proin eu mi.,2024-10-13,2024-10-15,1,1
Integer tincidunt ante vel ipsum.,2024-10-13,2024-10-15,3,4
Donec ut mauris eget massa tempor convallis.,2024-10-13,2024-10-15,1,5
Nunc rhoncus dui vel sem.,2024-10-13,2024-10-15,2,5
Pellentesque ultrices mattis odio.,2024-10-13,2024-10-15,3,2
Mauris sit amet eros.,2024-10-13,2024-10-14,2,1
Vestibulum ante ipsum primis in faucibus orci luctus et ultrices posuere cubilia Curae; Nulla dapibus dolor vel est.,2024-10-13,2024-10-15,1,2
In hac habitasse platea dictumst.,2024-10-13,2024-10-16,5,3
Nulla ut erat id mauris vulputate elementum.,2024-10-13,2024-10-16,5,2
Maecenas tincidunt lacus at velit.,2024-10-13,2024-10-14,4,5
"Cum sociis natoque penatibus et magnis dis parturient montes, nascetur ridiculus mus.",2024-10-13,2024-10-13,2,1
Quisque porta volutpat erat.,2024-10-13,2024-10-14,3,2
Quisque porta volutpat erat.,2024-10-13,2024-10-15,1,5
Duis ac nibh.,2024-10-13,2024-10-16,3,4
Proin risus.,2024-10-13,2024-10-16,3,2
Aenean lectus.,2024-10-13,2024-10-15,1,1
Proin interdum mauris non ligula pellentesque ultrices.,2024-10-13,2024-10-15,2,2
Nulla nisl.,2024-10-13,2024-10-14,2,5
Duis ac nibh.,2024-10-13,2024-10-16,4,2
In hac habitasse platea dictumst.,2024-10-13,2024-10-16,3,1
Fusce posuere felis sed lacus.,2024-10-13,2024-10-15,5,3
Integer a nibh.,2024-10-13,2024-10-16,3,1
"Vestibulum quam sapien, varius ut, blandit non, interdum in, ante.",2024-10-13,2024-10-16,1,4
Etiam faucibus cursus urna.,2024-10-13,2024-10-15,3,2
Nulla ac enim.,2024-10-13,2024-10-16,2,4
Cras non velit nec nisi vulputate nonummy.,2024-10-13,2024-10-13,3,5
Nulla tempus.,2024-10-13,2024-10-14,1,2
"Cras mi pede, malesuada in, imperdiet et, commodo vulputate, justo.",2024-10-13,2024-10-14,5,3
Vestibulum ac est lacinia nisi venenatis tristique.,2024-10-13,2024-10-16,3,3
Duis bibendum.,2024-10-13,2024-10-15,3,4
Vivamus tortor.,2024-10-13,2024-10-16,1,1
In quis justo.,2024-10-13,2024-10-16,2,4
Sed accumsan felis.,2024-10-13,2024-10-15,5,2
"Maecenas tristique, est et tempus semper, est quam pharetra magna, ac consequat metus sapien ut nunc.",2024-10-13,2024-10-16,4,2
Nulla ac enim.,2024-10-13,2024-10-16,5,2
Maecenas tincidunt lacus at velit.,2024-10-13,2024-10-14,1,4
Donec posuere metus vitae ipsum.,2024-10-13,2024-10-15,1,3
In sagittis dui vel nisl.,2024-10-13,2024-10-13,2,4
Integer tincidunt ante vel ipsum.,2024-10-13,2024-10-13,3,1
Donec ut dolor.,2024-10-13,2024-10-15,5,1
In quis justo.,2024-10-13,2024-10-15,2,4
Maecenas rhoncus aliquam lacus.,2024-10-13,2024-10-14,3,2
Duis mattis egestas metus.,2024-10-13,2024-10-14,3,5
Integer non velit.,2024-10-13,2024-10-15,1,2
"Vestibulum quam sapien, varius ut, blandit non, interdum in, ante.",2024-10-13,2024-10-16,2,3
Sed vel enim sit amet nunc viverra dapibus.,2024-10-13,2024-10-14,3,4
Morbi quis tortor id nulla ultrices aliquet.,2024-10-13,2024-10-15,1,3
Aenean lectus.,2024-10-13,2024-10-14,4,5
Nunc nisl.,2024-10-13,2024-10-14,4,4
Vestibulum ante ipsum primis in faucibus orci luctus et ultrices posuere cubilia Curae; Duis faucibus accumsan odio.,2024-10-13,2024-10-16,5,1
Quisque id justo sit amet sapien dignissim vestibulum.,2024-10-13,2024-10-15,1,5
Morbi ut odio.,2024-10-13,2024-10-16,5,1
In quis justo.,2024-10-13,2024-10-13,4,1
Donec semper sapien a libero.,2024-10-13,2024-10-13,4,4
Nam nulla.,2024-10-13,2024-10-14,4,5
Proin at turpis a pede posuere nonummy.,2024-10-13,2024-10-13,3,1
"Integer aliquet, massa id lobortis convallis, tortor risus dapibus augue, vel accumsan tellus nisi eu orci.",2024-10-13,2024-10-15,5,1
Cras in purus eu magna vulputate luctus.,2024-10-13,2024-10-15,2,1
Curabitur gravida nisi at nibh.,2024-10-13,2024-10-16,3,3
Nullam sit amet turpis elementum ligula vehicula consequat.,2024-10-13,2024-10-14,3,3
"Cum sociis natoque penatibus et magnis dis parturient montes, nascetur ridiculus mus.",2024-10-13,2024-10-14,2,1
Praesent id massa id nisl venenatis lacinia.,2024-10-13,2024-10-16,3,5
In quis justo.,2024-10-13,2024-10-16,2,2
Fusce consequat.,2024-10-13,2024-10-16,3,3
"Morbi odio odio, elementum eu, interdum eu, tincidunt in, leo.",2024-10-13,2024-10-15,4,3
In quis justo.,2024-10-13,2024-10-13,5,2
Integer ac leo.,2024-10-13,2024-10-13,1,3
Etiam pretium iaculis justo.,2024-10-13,2024-10-13,4,1
"Vestibulum ante ipsum primis in faucibus orci luctus et ultrices posuere cubilia Curae; Donec pharetra, magna vestibulum aliquet ultrices, erat tortor sollicitudin mi, sit amet lobortis sapien sapien non mi.",2024-10-13,2024-10-14,2,5
"Mauris enim leo, rhoncus sed, vestibulum sit amet, cursus id, turpis.",2024-10-13,2024-10-14,3,3
Nulla tellus.,2024-10-13,2024-10-14,1,1
Curabitur gravida nisi at nibh.,2024-10-13,2024-10-13,2,2
Fusce posuere felis sed lacus.,2024-10-13,2024-10-15,1,4
Aliquam quis turpis eget elit sodales scelerisque.,2024-10-13,2024-10-14,4,3
Aliquam quis turpis eget elit sodales scelerisque.,2024-10-13,2024-10-13,4,5
Praesent lectus.,2024-10-13,2024-10-13,1,2
Proin eu mi.,2024-10-13,2024-10-16,4,4
Phasellus in felis.,2024-10-13,2024-10-14,5,1
Quisque id justo sit amet sapien dignissim vestibulum.,2024-10-13,2024-10-16,4,1
Curabitur convallis.,2024-10-13,2024-10-13,1,1
Duis at velit eu est congue elementum.,2024-10-13,2024-10-16,4,3
"Nulla neque libero, convallis eget, eleifend luctus, ultricies eu, nibh.",2024-10-13,2024-10-13,2,5
In sagittis dui vel nisl.,2024-10-13,2024-10-15,1,4
Phasellus sit amet erat.,2024-10-13,2024-10-13,5,2
"Lorem ipsum dolor sit amet, consectetuer adipiscing elit.",2024-10-13,2024-10-13,5,2
Praesent id massa id nisl venenatis lacinia.,2024-10-13,2024-10-16,3,4
"Lorem ipsum dolor sit amet, consectetuer adipiscing elit.",2024-10-13,2024-10-15,1,4
"In est risus, auctor sed, tristique in, tempus sit amet, sem.",2024-10-13,2024-10-15,5,2
Vivamus vestibulum sagittis sapien.,2024-10-13,2024-10-15,5,1
Nullam sit amet turpis elementum ligula vehicula consequat.,2024-10-13,2024-10-13,5,4
Integer tincidunt ante vel ipsum.,2024-10-13,2024-10-16,2,2
In sagittis dui vel nisl.,2024-10-13,2024-10-15,2,2
Duis bibendum.,2024-10-13,2024-10-13,2,2
"Lorem ipsum dolor sit amet, consectetuer adipiscing elit.",2024-10-13,2024-10-16,2,2
Vestibulum sed magna at nunc commodo placerat.,2024-10-13,2024-10-15,5,1
Suspendisse potenti.,2024-10-13,2024-10-13,1,2
Proin eu mi.,2024-10-13,2024-10-14,3,3
Morbi non quam nec dui luctus rutrum.,2024-10-13,2024-10-14,4,1
Morbi vel lectus in quam fringilla rhoncus.,2024-10-13,2024-10-16,3,1
Maecenas rhoncus aliquam lacus.,2024-10-13,2024-10-14,2,5
"Integer pede justo, lacinia eget, tincidunt eget, tempus vel, pede.",2024-10-13,2024-10-14,1,4
Vestibulum ac est lacinia nisi venenatis tristique.,2024-10-13,2024-10-15,5,2
Cras non velit nec nisi vulputate nonummy.,2024-10-13,2024-10-13,5,5
Morbi non quam nec dui luctus rutrum.,2024-10-13,2024-10-14,2,5
"Cum sociis natoque penatibus et magnis dis parturient montes, nascetur ridiculus mus.",2024-10-13,2024-10-14,3,2
In hac habitasse platea dictumst.,2024-10-13,2024-10-13,2,5
"Integer aliquet, massa id lobortis convallis, tortor risus dapibus augue, vel accumsan tellus nisi eu orci.",2024-10-13,2024-10-15,3,5
Duis bibendum.,2024-10-13,2024-10-15,3,1
Nam tristique tortor eu pede.,2024-10-13,2024-10-13,5,4
"Cras mi pede, malesuada in, imperdiet et, commodo vulputate, justo.",2024-10-13,2024-10-16,5,3
Ut tellus.,2024-10-13,2024-10-15,1,1
Nunc nisl.,2024-10-13,2024-10-13,1,1
Suspendisse potenti.,2024-10-13,2024-10-16,3,1
Sed vel enim sit amet nunc viverra dapibus.,2024-10-13,2024-10-13,5,4
Nullam sit amet turpis elementum ligula vehicula consequat.,2024-10-13,2024-10-13,2,1
Fusce consequat.,2024-10-13,2024-10-13,4,1
Integer tincidunt ante vel ipsum.,2024-10-13,2024-10-15,3,2
"Nullam orci pede, venenatis non, sodales sed, tincidunt eu, felis.",2024-10-13,2024-10-16,5,1
Suspendisse potenti.,2024-10-13,2024-10-14,5,4
"Donec odio justo, sollicitudin ut, suscipit a, feugiat et, eros.",2024-10-13,2024-10-15,2,4
"Cum sociis natoque penatibus et magnis dis parturient montes, nascetur ridiculus mus.",2024-10-13,2024-10-14,1,1
"Nam congue, risus semper porta volutpat, quam pede lobortis ligula, sit amet eleifend pede libero quis orci.",2024-10-13,2024-10-13,4,2
Mauris lacinia sapien quis libero.,2024-10-13,2024-10-14,2,5
Proin eu mi.,2024-10-13,2024-10-15,1,4
Pellentesque viverra pede ac diam.,2024-10-13,2024-10-16,2,2
Nulla tempus.,2024-10-13,2024-10-15,5,2
"Donec diam neque, vestibulum eget, vulputate ut, ultrices vel, augue.",2024-10-13,2024-10-16,3,4
"Donec odio justo, sollicitudin ut, suscipit a, feugiat et, eros.",2024-10-13,2024-10-13,2,5
Nulla facilisi.,2024-10-13,2024-10-16,2,1
Praesent blandit lacinia erat.,2024-10-13,2024-10-15,5,3
Duis at velit eu est congue elementum.,2024-10-13,2024-10-16,2,2
Integer ac leo.,2024-10-13,2024-10-15,1,4
"Morbi odio odio, elementum eu, interdum eu, tincidunt in, leo.",2024-10-13,2024-10-15,4,1
Vestibulum ante ipsum primis in faucibus orci luctus et ultrices posuere cubilia Curae; Mauris viverra diam vitae quam.,2024-10-13,2024-10-16,4,2
"Vestibulum quam sapien, varius ut, blandit non, interdum in, ante.",2024-10-13,2024-10-15,3,3
Morbi quis tortor id nulla ultrices aliquet.,2024-10-13,2024-10-13,2,2
Etiam faucibus cursus urna.,2024-10-13,2024-10-16,2,4
Sed vel enim sit amet nunc viverra dapibus.,2024-10-13,2024-10-16,3,1
Vivamus vestibulum sagittis sapien.,2024-10-13,2024-10-16,1,3
Nulla nisl.,2024-10-13,2024-10-16,1,4
Nunc nisl.,2024-10-13,2024-10-16,1,3
Pellentesque at nulla.,2024-10-13,2024-10-14,1,3
Vestibulum rutrum rutrum neque.,2024-10-13,2024-10-13,3,3
Integer ac leo.,2024-10-13,2024-10-13,3,5
Morbi quis tortor id nulla ultrices aliquet.,2024-10-13,2024-10-13,2,3
Praesent blandit.,2024-10-13,2024-10-15,3,5
Duis at velit eu est congue elementum.,2024-10-13,2024-10-16,5,3
Proin risus.,2024-10-13,2024-10-15,4,5
Nulla mollis molestie lorem.,2024-10-13,2024-10-13,5,4
Curabitur at ipsum ac tellus semper interdum.,2024-10-13,2024-10-16,3,5
Sed accumsan felis.,2024-10-13,2024-10-15,1,3
"Quisque arcu libero, rutrum ac, lobortis vel, dapibus at, diam.",2024-10-13,2024-10-14,5,1
"Morbi vestibulum, velit id pretium iaculis, diam erat fermentum justo, nec condimentum neque sapien placerat ante.",2024-10-13,2024-10-15,4,2
Vestibulum sed magna at nunc commodo placerat.,2024-10-13,2024-10-14,3,5
Ut tellus.,2024-10-13,2024-10-15,5,1
Aenean sit amet justo.,2024-10-13,2024-10-16,2,4
Aliquam quis turpis eget elit sodales scelerisque.,2024-10-13,2024-10-15,2,3
"Cum sociis natoque penatibus et magnis dis parturient montes, nascetur ridiculus mus.",2024-10-13,2024-10-14,5,4
Quisque id justo sit amet sapien dignissim vestibulum.,2024-10-13,2024-10-13,1,2
Morbi quis tortor id nulla ultrices aliquet.,2024-10-13,2024-10-16,4,1
Cras pellentesque volutpat dui.,2024-10-13,2024-10-16,3,1
"Donec odio justo, sollicitudin ut, suscipit a, feugiat et, eros.",2024-10-13,2024-10-14,3,2
Nam tristique tortor eu pede.,2024-10-13,2024-10-14,5,3
Nam tristique tortor eu pede.,2024-10-13,2024-10-14,5,1
Pellentesque at nulla.,2024-10-13,2024-10-16,4,5
Phasellus in felis.,2024-10-13,2024-10-14,4,3
Proin risus.,2024-10-13,2024-10-16,3,2
Aenean auctor gravida sem.,2024-10-13,2024-10-13,2,5
Duis consequat dui nec nisi volutpat eleifend.,2024-10-13,2024-10-13,4,1
Curabitur in libero ut massa volutpat convallis.,2024-10-13,2024-10-16,4,2
Aenean lectus.,2024-10-13,2024-10-14,2,2
Morbi ut odio.,2024-10-13,2024-10-13,3,2
"Lorem ipsum dolor sit amet, consectetuer adipiscing elit.",2024-10-13,2024-10-16,1,3
Sed sagittis.,2024-10-13,2024-10-16,2,5
"Proin leo odio, porttitor id, consequat in, consequat ut, nulla.",2024-10-13,2024-10-14,4,3
Vestibulum ante ipsum primis in faucibus orci luctus et ultrices posuere cubilia Curae; Mauris viverra diam vitae quam.,2024-10-13,2024-10-14,2,3
Aenean sit amet justo.,2024-10-13,2024-10-15,3,1
"In est risus, auctor sed, tristique in, tempus sit amet, sem.",2024-10-13,2024-10-13,3,1
Nulla ut erat id mauris vulputate elementum.,2024-10-13,2024-10-15,3,5
Suspendisse accumsan tortor quis turpis.,2024-10-13,2024-10-14,2,2
Praesent blandit lacinia erat.,2024-10-13,2024-10-16,1,2
Etiam vel augue.,2024-10-13,2024-10-15,4,4
Pellentesque ultrices mattis odio.,2024-10-13,2024-10-15,5,4
"Morbi odio odio, elementum eu, interdum eu, tincidunt in, leo.",2024-10-13,2024-10-16,2,3
"Vestibulum ante ipsum primis in faucibus orci luctus et ultrices posuere cubilia Curae; Donec pharetra, magna vestibulum aliquet ultrices, erat tortor sollicitudin mi, sit amet lobortis sapien sapien non mi.",2024-10-13,2024-10-14,1,3
Donec semper sapien a libero.,2024-10-13,2024-10-14,4,5
"Quisque arcu libero, rutrum ac, lobortis vel, dapibus at, diam.",2024-10-13,2024-10-16,3,5
Phasellus sit amet erat.,2024-10-13,2024-10-15,3,4
Donec vitae nisi.,2024-10-13,2024-10-13,3,2
Cras non velit nec nisi vulputate nonummy.,2024-10-13,2024-10-15,5,2
Integer a nibh.,2024-10-13,2024-10-15,2,2
Integer a nibh.,2024-10-13,2024-10-13,4,3
"Donec diam neque, vestibulum eget, vulputate ut, ultrices vel, augue.",2024-10-13,2024-10-16,3,2
Nam tristique tortor eu pede.,2024-10-13,2024-10-15,5,3
Suspendisse ornare consequat lectus.,2024-10-13,2024-10-15,3,5
Mauris sit amet eros.,2024-10-13,2024-10-15,5,4
In sagittis dui vel nisl.,2024-10-13,2024-10-16,1,3
"Vestibulum quam sapien, varius ut, blandit non, interdum in, ante.",2024-10-13,2024-10-16,3,1
Suspendisse potenti.,2024-10-13,2024-10-15,1,2
Etiam pretium iaculis justo.,2024-10-13,2024-10-15,3,1
"Vestibulum quam sapien, varius ut, blandit non, interdum in, ante.",2024-10-13,2024-10-15,3,3
Curabitur gravida nisi at nibh.,2024-10-13,2024-10-16,5,2
"Integer aliquet, massa id lobortis convallis, tortor risus dapibus augue, vel accumsan tellus nisi eu orci.",2024-10-13,2024-10-16,1,1
Nam dui.,2024-10-13,2024-10-15,1,3
Nunc purus.,2024-10-13,2024-10-16,3,2
Fusce posuere felis sed lacus.,2024-10-13,2024-10-16,3,3
Duis ac nibh.,2024-10-13,2024-10-13,2,4
Praesent blandit lacinia erat.,2024-10-13,2024-10-14,3,4
Praesent lectus.,2024-10-13,2024-10-15,1,1
Praesent id massa id nisl venenatis lacinia.,2024-10-13,2024-10-14,2,1
Duis mattis egestas metus.,2024-10-13,2024-10-13,3,2
"Cras mi pede, malesuada in, imperdiet et, commodo vulputate, justo.",2024-10-13,2024-10-14,3,1
Nullam sit amet turpis elementum ligula vehicula consequat.,2024-10-13,2024-10-13,4,3
"Donec diam neque, vestibulum eget, vulputate ut, ultrices vel, augue.",2024-10-13,2024-10-15,4,1
"Donec diam neque, vestibulum eget, vulputate ut, ultrices vel, augue.",2024-10-13,2024-10-13,3,3
Pellentesque ultrices mattis odio.,2024-10-13,2024-10-15,3,4
In hac habitasse platea dictumst.,2024-10-13,2024-10-14,4,4
Etiam justo.,2024-10-13,2024-10-15,4,1
Nullam varius.,2024-10-13,2024-10-15,2,3
Aenean lectus.,2024-10-13,2024-10-15,4,4
"Donec odio justo, sollicitudin ut, suscipit a, feugiat et, eros.",2024-10-13,2024-10-16,1,3
Nullam molestie nibh in lectus.,2024-10-13,2024-10-15,1,1
Cras non velit nec nisi vulputate nonummy.,2024-10-13,2024-10-13,4,4
Sed ante.,2024-10-13,2024-10-14,1,3
Etiam justo.,2024-10-13,2024-10-14,3,1
Mauris ullamcorper purus sit amet nulla.,2024-10-13,2024-10-15,3,1
Curabitur convallis.,2024-10-13,2024-10-13,5,4
Vestibulum rutrum rutrum neque.,2024-10-13,2024-10-16,4,4
Duis aliquam convallis nunc.,2024-10-13,2024-10-15,2,5
Cras pellentesque volutpat dui.,2024-10-13,2024-10-13,3,5
Cras pellentesque volutpat dui.,2024-10-13,2024-10-16,3,2
Sed vel enim sit amet nunc viverra dapibus.,2024-10-13,2024-10-13,1,4
Pellentesque viverra pede ac diam.,2024-10-13,2024-10-13,3,3
Morbi non lectus.,2024-10-13,2024-10-14,3,1
Pellentesque eget nunc.,2024-10-13,2024-10-15,5,4
Curabitur gravida nisi at nibh.,2024-10-13,2024-10-16,2,1
Duis ac nibh.,2024-10-13,2024-10-15,4,5
Duis ac nibh.,2024-10-13,2024-10-13,2,1
In quis justo.,2024-10-13,2024-10-16,3,5
Vivamus in felis eu sapien cursus vestibulum.,2024-10-13,2024-10-16,5,4
"Quisque arcu libero, rutrum ac, lobortis vel, dapibus at, diam.",2024-10-13,2024-10-16,5,5
Maecenas tincidunt lacus at velit.,2024-10-13,2024-10-15,2,3
Duis aliquam convallis nunc.,2024-10-13,2024-10-14,3,1
Nam tristique tortor eu pede.,2024-10-13,2024-10-14,3,5
Duis consequat dui nec nisi volutpat eleifend.,2024-10-13,2024-10-16,5,5
Nullam varius.,2024-10-13,2024-10-15,1,5
"Cum sociis natoque penatibus et magnis dis parturient montes, nascetur ridiculus mus.",2024-10-13,2024-10-14,5,2
"Fusce lacus purus, aliquet at, feugiat non, pretium quis, lectus.",2024-10-13,2024-10-16,5,5
In blandit ultrices enim.,2024-10-13,2024-10-14,2,3
"Integer aliquet, massa id lobortis convallis, tortor risus dapibus augue, vel accumsan tellus nisi eu orci.",2024-10-13,2024-10-16,5,2
Praesent lectus.,2024-10-13,2024-10-13,4,3
Mauris ullamcorper purus sit amet nulla.,2024-10-13,2024-10-16,2,5
"Quisque arcu libero, rutrum ac, lobortis vel, dapibus at, diam.",2024-10-13,2024-10-13,4,5
Nunc rhoncus dui vel sem.,2024-10-13,2024-10-14,5,2
Maecenas ut massa quis augue luctus tincidunt.,2024-10-13,2024-10-14,5,2
In hac habitasse platea dictumst.,2024-10-13,2024-10-15,5,3
Quisque porta volutpat erat.,2024-10-13,2024-10-15,5,3
Nulla facilisi.,2024-10-13,2024-10-16,2,3
"Cum sociis natoque penatibus et magnis dis parturient montes, nascetur ridiculus mus.",2024-10-13,2024-10-13,1,4
Integer ac leo.,2024-10-13,2024-10-16,5,3
Suspendisse potenti.,2024-10-13,2024-10-16,4,5
"Fusce congue, diam id ornare imperdiet, sapien urna pretium nisl, ut volutpat sapien arcu sed augue.",2024-10-13,2024-10-14,5,2
"Lorem ipsum dolor sit amet, consectetuer adipiscing elit.",2024-10-13,2024-10-13,5,1
"Mauris enim leo, rhoncus sed, vestibulum sit amet, cursus id, turpis.",2024-10-13,2024-10-16,5,1
"Aliquam augue quam, sollicitudin vitae, consectetuer eget, rutrum at, lorem.",2024-10-13,2024-10-16,4,1
"Lorem ipsum dolor sit amet, consectetuer adipiscing elit.",2024-10-13,2024-10-15,4,1
"Lorem ipsum dolor sit amet, consectetuer adipiscing elit.",2024-10-13,2024-10-15,5,5
In hac habitasse platea dictumst.,2024-10-13,2024-10-13,3,4
Integer ac leo.,2024-10-13,2024-10-13,1,4
Curabitur in libero ut massa volutpat convallis.,2024-10-13,2024-10-16,3,5
"Aliquam augue quam, sollicitudin vitae, consectetuer eget, rutrum at, lorem.",2024-10-13,2024-10-15,2,4
In hac habitasse platea dictumst.,2024-10-13,2024-10-15,2,2
"Cum sociis natoque penatibus et magnis dis parturient montes, nascetur ridiculus mus.",2024-10-13,2024-10-13,4,1
"Morbi vestibulum, velit id pretium iaculis, diam erat fermentum justo, nec condimentum neque sapien placerat ante.",2024-10-13,2024-10-16,1,5
Donec quis orci eget orci vehicula condimentum.,2024-10-13,2024-10-15,3,5
Nulla justo.,2024-10-13,2024-10-13,3,3
Aenean sit amet justo.,2024-10-13,2024-10-15,5,5
Duis ac nibh.,2024-10-13,2024-10-13,5,2
Duis consequat dui nec nisi volutpat eleifend.,2024-10-13,2024-10-16,4,1
"Vivamus metus arcu, adipiscing molestie, hendrerit at, vulputate vitae, nisl.",2024-10-13,2024-10-16,4,5
Morbi ut odio.,2024-10-13,2024-10-13,2,2
In sagittis dui vel nisl.,2024-10-13,2024-10-14,4,5
Quisque id justo sit amet sapien dignissim vestibulum.,2024-10-13,2024-10-16,2,3
Nulla facilisi.,2024-10-13,2024-10-14,3,1
"Fusce lacus purus, aliquet at, feugiat non, pretium quis, lectus.",2024-10-13,2024-10-16,2,2
Quisque porta volutpat erat.,2024-10-13,2024-10-15,3,4
Suspendisse potenti.,2024-10-13,2024-10-15,2,3
"Maecenas leo odio, condimentum id, luctus nec, molestie sed, justo.",2024-10-13,2024-10-14,4,2
"Integer aliquet, massa id lobortis convallis, tortor risus dapibus augue, vel accumsan tellus nisi eu orci.",2024-10-13,2024-10-14,4,4
Duis ac nibh.,2024-10-13,2024-10-14,5,4
Suspendisse potenti.,2024-10-13,2024-10-14,2,2
"Morbi vestibulum, velit id pretium iaculis, diam erat fermentum justo, nec condimentum neque sapien placerat ante.",2024-10-13,2024-10-13,2,2
Donec dapibus.,2024-10-13,2024-10-14,3,4
Integer a nibh.,2024-10-13,2024-10-14,2,3
Integer tincidunt ante vel ipsum.,2024-10-13,2024-10-15,4,1
Praesent id massa id nisl venenatis lacinia.,2024-10-13,2024-10-16,3,4
Donec ut dolor.,2024-10-13,2024-10-14,3,1
"Mauris enim leo, rhoncus sed, vestibulum sit amet, cursus id, turpis.",2024-10-13,2024-10-13,4,1
Donec vitae nisi.,2024-10-13,2024-10-15,1,2
Nulla facilisi.,2024-10-13,2024-10-16,1,5
"Integer pede justo, lacinia eget, tincidunt eget, tempus vel, pede.",2024-10-13,2024-10-13,3,4
"Nam ultrices, libero non mattis pulvinar, nulla pede ullamcorper augue, a suscipit nulla elit ac nulla.",2024-10-13,2024-10-13,2,1
In hac habitasse platea dictumst.,2024-10-13,2024-10-15,2,2
Vivamus in felis eu sapien cursus vestibulum.,2024-10-13,2024-10-13,2,3
"Morbi odio odio, elementum eu, interdum eu, tincidunt in, leo.",2024-10-13,2024-10-16,2,5
"Mauris enim leo, rhoncus sed, vestibulum sit amet, cursus id, turpis.",2024-10-13,2024-10-16,1,1
Donec quis orci eget orci vehicula condimentum.,2024-10-13,2024-10-14,5,3
In hac habitasse platea dictumst.,2024-10-13,2024-10-15,3,4
Curabitur gravida nisi at nibh.,2024-10-13,2024-10-16,5,2
Vivamus in felis eu sapien cursus vestibulum.,2024-10-13,2024-10-15,2,1
Vestibulum ante ipsum primis in faucibus orci luctus et ultrices posuere cubilia Curae; Nulla dapibus dolor vel est.,2024-10-13,2024-10-13,1,1
"Maecenas tristique, est et tempus semper, est quam pharetra magna, ac consequat metus sapien ut nunc.",2024-10-13,2024-10-16,3,4
Morbi non lectus.,2024-10-13,2024-10-15,4,1
Vivamus tortor.,2024-10-13,2024-10-16,1,3
Nunc purus.,2024-10-13,2024-10-16,2,1
Pellentesque eget nunc.,2024-10-13,2024-10-16,1,1
Nullam molestie nibh in lectus.,2024-10-13,2024-10-16,2,1
"In est risus, auctor sed, tristique in, tempus sit amet, sem.",2024-10-13,2024-10-13,5,4
"Nullam orci pede, venenatis non, sodales sed, tincidunt eu, felis.",2024-10-13,2024-10-13,4,5
Mauris sit amet eros.,2024-10-13,2024-10-14,1,5
Etiam faucibus cursus urna.,2024-10-13,2024-10-14,4,4
Ut tellus.,2024-10-13,2024-10-15,4,4
"Integer aliquet, massa id lobortis convallis, tortor risus dapibus augue, vel accumsan tellus nisi eu orci.",2024-10-13,2024-10-13,4,5
Suspendisse potenti.,2024-10-13,2024-10-15,3,5
Vestibulum ante ipsum primis in faucibus orci luctus et ultrices posuere cubilia Curae; Duis faucibus accumsan odio.,2024-10-13,2024-10-13,3,4
Morbi non quam nec dui luctus rutrum.,2024-10-13,2024-10-16,1,2
Ut tellus.,2024-10-13,2024-10-15,5,5
Ut at dolor quis odio consequat varius.,2024-10-13,2024-10-13,3,5
Etiam pretium iaculis justo.,2024-10-13,2024-10-13,2,2
Cras in purus eu magna vulputate luctus.,2024-10-13,2024-10-13,1,4
Vivamus tortor.,2024-10-13,2024-10-13,1,5
Quisque porta volutpat erat.,2024-10-13,2024-10-14,3,4
Duis at velit eu est congue elementum.,2024-10-13,2024-10-15,2,5
"Integer aliquet, massa id lobortis convallis, tortor risus dapibus augue, vel accumsan tellus nisi eu orci.",2024-10-13,2024-10-16,5,2
Maecenas ut massa quis augue luctus tincidunt.,2024-10-13,2024-10-13,2,3
Donec ut mauris eget massa tempor convallis.,2024-10-13,2024-10-13,2,4
Etiam faucibus cursus urna.,2024-10-13,2024-10-13,2,2
Aenean fermentum.,2024-10-13,2024-10-14,5,2
Cras non velit nec nisi vulputate nonummy.,2024-10-13,2024-10-16,1,4
Duis aliquam convallis nunc.,2024-10-13,2024-10-14,4,3
Aenean lectus.,2024-10-13,2024-10-15,1,2
"Fusce lacus purus, aliquet at, feugiat non, pretium quis, lectus.",2024-10-13,2024-10-15,4,1
"Cras mi pede, malesuada in, imperdiet et, commodo vulputate, justo.",2024-10-13,2024-10-15,2,2
"Morbi odio odio, elementum eu, interdum eu, tincidunt in, leo.",2024-10-13,2024-10-14,4,1
"Morbi sem mauris, laoreet ut, rhoncus aliquet, pulvinar sed, nisl.",2024-10-13,2024-10-16,5,5
Aliquam erat volutpat.,2024-10-13,2024-10-13,5,2
"Cum sociis natoque penatibus et magnis dis parturient montes, nascetur ridiculus mus.",2024-10-13,2024-10-16,2,1
Nullam sit amet turpis elementum ligula vehicula consequat.,2024-10-13,2024-10-16,2,3
In hac habitasse platea dictumst.,2024-10-13,2024-10-13,4,2
"Lorem ipsum dolor sit amet, consectetuer adipiscing elit.",2024-10-13,2024-10-15,2,5
Morbi ut odio.,2024-10-13,2024-10-16,2,5
Pellentesque at nulla.,2024-10-13,2024-10-16,2,5
Curabitur convallis.,2024-10-13,2024-10-15,1,4
Ut tellus.,2024-10-13,2024-10-13,4,3
Vestibulum sed magna at nunc commodo placerat.,2024-10-13,2024-10-15,4,4
Phasellus in felis.,2024-10-13,2024-10-13,2,4
"Lorem ipsum dolor sit amet, consectetuer adipiscing elit.",2024-10-13,2024-10-14,1,2
Vestibulum sed magna at nunc commodo placerat.,2024-10-13,2024-10-16,3,4
Integer ac leo.,2024-10-13,2024-10-15,5,2
Maecenas ut massa quis augue luctus tincidunt.,2024-10-13,2024-10-14,3,3
Aenean sit amet justo.,2024-10-13,2024-10-13,3,4
Integer ac neque.,2024-10-13,2024-10-14,4,2
"Nam congue, risus semper porta volutpat, quam pede lobortis ligula, sit amet eleifend pede libero quis orci.",2024-10-13,2024-10-15,1,5
Praesent lectus.,2024-10-13,2024-10-16,3,1
"Donec diam neque, vestibulum eget, vulputate ut, ultrices vel, augue.",2024-10-13,2024-10-13,5,2
Etiam pretium iaculis justo.,2024-10-13,2024-10-16,2,1
Quisque id justo sit amet sapien dignissim vestibulum.,2024-10-13,2024-10-16,2,5
Pellentesque eget nunc.,2024-10-13,2024-10-13,2,2
"Cum sociis natoque penatibus et magnis dis parturient montes, nascetur ridiculus mus.",2024-10-13,2024-10-16,4,3
Morbi non quam nec dui luctus rutrum.,2024-10-13,2024-10-13,4,5
"Vivamus metus arcu, adipiscing molestie, hendrerit at, vulputate vitae, nisl.",2024-10-13,2024-10-16,5,3
"Cum sociis natoque penatibus et magnis dis parturient montes, nascetur ridiculus mus.",2024-10-13,2024-10-15,1,1
Mauris lacinia sapien quis libero.,2024-10-13,2024-10-13,5,3
"Fusce congue, diam id ornare imperdiet, sapien urna pretium nisl, ut volutpat sapien arcu sed augue.",2024-10-13,2024-10-13,1,4
Proin at turpis a pede posuere nonummy.,2024-10-13,2024-10-13,2,4
Suspendisse potenti.,2024-10-13,2024-10-13,4,4
In quis justo.,2024-10-13,2024-10-16,4,4
Nulla tellus.,2024-10-13,2024-10-13,1,4
Nullam sit amet turpis elementum ligula vehicula consequat.,2024-10-13,2024-10-16,5,2
Proin risus.,2024-10-13,2024-10-16,1,4
Aliquam erat volutpat.,2024-10-13,2024-10-13,5,3
"Donec diam neque, vestibulum eget, vulputate ut, ultrices vel, augue.",2024-10-13,2024-10-13,4,2
Nullam varius.,2024-10-13,2024-10-13,4,4
Phasellus sit amet erat.,2024-10-13,2024-10-16,2,1
Donec ut dolor.,2024-10-13,2024-10-13,3,2
Nulla justo.,2024-10-13,2024-10-15,4,3
Vestibulum ante ipsum primis in faucibus orci luctus et ultrices posuere cubilia Curae; Nulla dapibus dolor vel est.,2024-10-13,2024-10-13,1,1
"Nam congue, risus semper porta volutpat, quam pede lobortis ligula, sit amet eleifend pede libero quis orci.",2024-10-13,2024-10-16,2,4
Nullam porttitor lacus at turpis.,2024-10-13,2024-10-16,2,4
Nulla tellus.,2024-10-13,2024-10-16,1,5
Duis ac nibh.,2024-10-13,2024-10-14,5,3
Sed vel enim sit amet nunc viverra dapibus.,2024-10-13,2024-10-16,2,5
Morbi ut odio.,2024-10-13,2024-10-16,2,4
In hac habitasse platea dictumst.,2024-10-13,2024-10-13,5,2
Praesent id massa id nisl venenatis lacinia.,2024-10-13,2024-10-15,4,1
Aliquam erat volutpat.,2024-10-13,2024-10-15,2,3
"Duis bibendum, felis sed interdum venenatis, turpis enim blandit mi, in porttitor pede justo eu massa.",2024-10-13,2024-10-14,5,1
Nullam sit amet turpis elementum ligula vehicula consequat.,2024-10-13,2024-10-15,3,2
"Maecenas tristique, est et tempus semper, est quam pharetra magna, ac consequat metus sapien ut nunc.",2024-10-13,2024-10-13,4,1
Phasellus in felis.,2024-10-13,2024-10-15,1,3
Morbi a ipsum.,2024-10-13,2024-10-16,1,4
Nulla ut erat id mauris vulputate elementum.,2024-10-13,2024-10-14,2,2
Etiam justo.,2024-10-13,2024-10-15,4,3
Nulla mollis molestie lorem.,2024-10-13,2024-10-16,1,2
"Vestibulum ante ipsum primis in faucibus orci luctus et ultrices posuere cubilia Curae; Donec pharetra, magna vestibulum aliquet ultrices, erat tortor sollicitudin mi, sit amet lobortis sapien sapien non mi.",2024-10-13,2024-10-14,1,4
Duis consequat dui nec nisi volutpat eleifend.,2024-10-13,2024-10-15,4,1
Nam tristique tortor eu pede.,2024-10-13,2024-10-13,4,3
Vestibulum ac est lacinia nisi venenatis tristique.,2024-10-13,2024-10-16,2,3
Nullam porttitor lacus at turpis.,2024-10-13,2024-10-13,2,4
Fusce consequat.,2024-10-13,2024-10-16,3,5
"Nulla neque libero, convallis eget, eleifend luctus, ultricies eu, nibh.",2024-10-13,2024-10-13,2,4
Phasellus sit amet erat.,2024-10-13,2024-10-14,5,1
Phasellus in felis.,2024-10-13,2024-10-15,1,3
Cras in purus eu magna vulputate luctus.,2024-10-13,2024-10-16,3,4
Aenean fermentum.,2024-10-13,2024-10-13,5,5
Maecenas tincidunt lacus at velit.,2024-10-13,2024-10-16,2,5
In hac habitasse platea dictumst.,2024-10-13,2024-10-13,2,2
Suspendisse potenti.,2024-10-13,2024-10-13,2,2
"Nullam orci pede, venenatis non, sodales sed, tincidunt eu, felis.",2024-10-13,2024-10-14,1,4
Duis ac nibh.,2024-10-13,2024-10-16,1,1
Donec ut mauris eget massa tempor convallis.,2024-10-13,2024-10-16,3,1
Donec semper sapien a libero.,2024-10-13,2024-10-13,4,5
Maecenas ut massa quis augue luctus tincidunt.,2024-10-13,2024-10-14,2,5
"Morbi sem mauris, laoreet ut, rhoncus aliquet, pulvinar sed, nisl.",2024-10-13,2024-10-15,3,1
Morbi non lectus.,2024-10-13,2024-10-14,4,4
Pellentesque viverra pede ac diam.,2024-10-13,2024-10-13,2,5
Pellentesque at nulla.,2024-10-13,2024-10-13,4,2
"Aliquam augue quam, sollicitudin vitae, consectetuer eget, rutrum at, lorem.",2024-10-13,2024-10-13,4,5
Integer ac neque.,2024-10-13,2024-10-16,1,2
Praesent blandit.,2024-10-13,2024-10-15,4,5
"Nam ultrices, libero non mattis pulvinar, nulla pede ullamcorper augue, a suscipit nulla elit ac nulla.",2024-10-13,2024-10-16,3,3
Vivamus in felis eu sapien cursus vestibulum.,2024-10-13,2024-10-14,3,2
Aenean fermentum.,2024-10-13,2024-10-13,5,3
Nulla mollis molestie lorem.,2024-10-13,2024-10-14,3,5
Praesent blandit.,2024-10-13,2024-10-16,1,3
Nam dui.,2024-10-13,2024-10-15,2,1
Cras in purus eu magna vulputate luctus.,2024-10-13,2024-10-14,4,4
In hac habitasse platea dictumst.,2024-10-13,2024-10-14,4,4
Duis consequat dui nec nisi volutpat eleifend.,2024-10-13,2024-10-15,2,5
Nullam molestie nibh in lectus.,2024-10-13,2024-10-16,4,4
Quisque porta volutpat erat.,2024-10-13,2024-10-15,5,5
Mauris ullamcorper purus sit amet nulla.,2024-10-13,2024-10-16,3,2
Donec semper sapien a libero.,2024-10-13,2024-10-15,3,1
Nulla ac enim.,2024-10-13,2024-10-13,1,4
Aliquam non mauris.,2024-10-13,2024-10-16,3,1
Integer non velit.,2024-10-13,2024-10-16,5,4
Maecenas tincidunt lacus at velit.,2024-10-13,2024-10-14,1,2
Morbi non quam nec dui luctus rutrum.,2024-10-13,2024-10-16,4,2
Integer non velit.,2024-10-13,2024-10-14,3,2
Nam dui.,2024-10-13,2024-10-14,2,4
Nulla ut erat id mauris vulputate elementum.,2024-10-13,2024-10-16,5,2
Aenean fermentum.,2024-10-13,2024-10-14,1,5
"Maecenas tristique, est et tempus semper, est quam pharetra magna, ac consequat metus sapien ut nunc.",2024-10-13,2024-10-13,5,4
Curabitur in libero ut massa volutpat convallis.,2024-10-13,2024-10-16,1,5
Integer tincidunt ante vel ipsum.,2024-10-13,2024-10-15,2,4
Nulla nisl.,2024-10-13,2024-10-15,1,3
Nam nulla.,2024-10-13,2024-10-13,5,4
Aenean auctor gravida sem.,2024-10-13,2024-10-16,1,5
Suspendisse accumsan tortor quis turpis.,2024-10-13,2024-10-14,5,1
Vestibulum ac est lacinia nisi venenatis tristique.,2024-10-13,2024-10-16,1,2
Sed accumsan felis.,2024-10-13,2024-10-14,1,2
Nunc purus.,2024-10-13,2024-10-16,4,5
Phasellus sit amet erat.,2024-10-13,2024-10-14,2,1
"Morbi odio odio, elementum eu, interdum eu, tincidunt in, leo.",2024-10-13,2024-10-16,4,5
"Maecenas leo odio, condimentum id, luctus nec, molestie sed, justo.",2024-10-13,2024-10-16,2,2
Pellentesque eget nunc.,2024-10-13,2024-10-13,5,5
Sed sagittis.,2024-10-13,2024-10-15,4,1
"Nulla neque libero, convallis eget, eleifend luctus, ultricies eu, nibh.",2024-10-13,2024-10-16,3,2
Proin interdum mauris non ligula pellentesque ultrices.,2024-10-13,2024-10-15,2,1
"Nam congue, risus semper porta volutpat, quam pede lobortis ligula, sit amet eleifend pede libero quis orci.",2024-10-13,2024-10-14,3,4
Donec quis orci eget orci vehicula condimentum.,2024-10-13,2024-10-16,3,1
"Donec odio justo, sollicitudin ut, suscipit a, feugiat et, eros.",2024-10-13,2024-10-16,5,5
Etiam faucibus cursus urna.,2024-10-13,2024-10-13,4,2
Curabitur gravida nisi at nibh.,2024-10-13,2024-10-13,4,2
Curabitur convallis.,2024-10-13,2024-10-14,1,5
"Integer pede justo, lacinia eget, tincidunt eget, tempus vel, pede.",2024-10-13,2024-10-15,3,4
Vivamus vel nulla eget eros elementum pellentesque.,2024-10-13,2024-10-16,3,4
Curabitur in libero ut massa volutpat convallis.,2024-10-13,2024-10-14,3,2
Proin interdum mauris non ligula pellentesque ultrices.,2024-10-13,2024-10-14,5,1
Morbi a ipsum.,2024-10-13,2024-10-16,1,2
Praesent lectus.,2024-10-13,2024-10-13,2,3
Cras non velit nec nisi vulputate nonummy.,2024-10-13,2024-10-16,1,3
Vestibulum ante ipsum primis in faucibus orci luctus et ultrices posuere cubilia Curae; Duis faucibus accumsan odio.,2024-10-13,2024-10-14,3,4
Morbi vel lectus in quam fringilla rhoncus.,2024-10-13,2024-10-16,5,1
Pellentesque viverra pede ac diam.,2024-10-13,2024-10-13,4,2
Suspendisse potenti.,2024-10-13,2024-10-16,3,3
"Fusce lacus purus, aliquet at, feugiat non, pretium quis, lectus.",2024-10-13,2024-10-16,3,3
Suspendisse accumsan tortor quis turpis.,2024-10-13,2024-10-14,1,4
Quisque id justo sit amet sapien dignissim vestibulum.,2024-10-13,2024-10-13,4,4
Etiam justo.,2024-10-13,2024-10-14,5,2
"Vestibulum quam sapien, varius ut, blandit non, interdum in, ante.",2024-10-13,2024-10-14,4,2
Nulla suscipit ligula in lacus.,2024-10-13,2024-10-15,5,5
Ut at dolor quis odio consequat varius.,2024-10-13,2024-10-14,2,1
"Maecenas leo odio, condimentum id, luctus nec, molestie sed, justo.",2024-10-13,2024-10-13,2,1
Mauris ullamcorper purus sit amet nulla.,2024-10-13,2024-10-15,1,2
In hac habitasse platea dictumst.,2024-10-13,2024-10-15,4,3
Phasellus id sapien in sapien iaculis congue.,2024-10-13,2024-10-16,1,5
Morbi vel lectus in quam fringilla rhoncus.,2024-10-13,2024-10-15,1,2
Aliquam quis turpis eget elit sodales scelerisque.,2024-10-13,2024-10-16,1,2
Duis mattis egestas metus.,2024-10-13,2024-10-14,4,2
"Maecenas tristique, est et tempus semper, est quam pharetra magna, ac consequat metus sapien ut nunc.",2024-10-13,2024-10-14,1,2
"Fusce lacus purus, aliquet at, feugiat non, pretium quis, lectus.",2024-10-13,2024-10-15,4,4
Vestibulum sed magna at nunc commodo placerat.,2024-10-13,2024-10-15,2,4
Suspendisse potenti.,2024-10-13,2024-10-15,4,5
Etiam pretium iaculis justo.,2024-10-13,2024-10-14,4,2
Aenean fermentum.,2024-10-13,2024-10-13,3,3
"Maecenas leo odio, condimentum id, luctus nec, molestie sed, justo.",2024-10-13,2024-10-16,1,4
Curabitur gravida nisi at nibh.,2024-10-13,2024-10-13,2,2
Etiam faucibus cursus urna.,2024-10-13,2024-10-16,5,3
Vestibulum ac est lacinia nisi venenatis tristique.,2024-10-13,2024-10-14,4,5
"Integer aliquet, massa id lobortis convallis, tortor risus dapibus augue, vel accumsan tellus nisi eu orci.",2024-10-13,2024-10-14,5,2
Vestibulum sed magna at nunc commodo placerat.,2024-10-13,2024-10-14,2,2
"In tempor, turpis nec euismod scelerisque, quam turpis adipiscing lorem, vitae mattis nibh ligula nec sem.",2024-10-13,2024-10-16,1,1
Fusce posuere felis sed lacus.,2024-10-13,2024-10-15,4,3
In hac habitasse platea dictumst.,2024-10-13,2024-10-16,1,3
In hac habitasse platea dictumst.,2024-10-13,2024-10-16,4,1
Suspendisse ornare consequat lectus.,2024-10-13,2024-10-14,5,1
"Morbi odio odio, elementum eu, interdum eu, tincidunt in, leo.",2024-10-13,2024-10-16,4,5
Etiam faucibus cursus urna.,2024-10-13,2024-10-15,5,3
"In tempor, turpis nec euismod scelerisque, quam turpis adipiscing lorem, vitae mattis nibh ligula nec sem.",2024-10-13,2024-10-15,2,4
In hac habitasse platea dictumst.,2024-10-13,2024-10-16,2,3
Curabitur at ipsum ac tellus semper interdum.,2024-10-13,2024-10-16,2,5
Morbi non quam nec dui luctus rutrum.,2024-10-13,2024-10-13,5,1
Aenean fermentum.,2024-10-13,2024-10-13,1,3
Donec ut mauris eget massa tempor convallis.,2024-10-13,2024-10-13,4,3
Vivamus vestibulum sagittis sapien.,2024-10-13,2024-10-14,5,3
Donec semper sapien a libero.,2024-10-13,2024-10-13,1,5
Vivamus vel nulla eget eros elementum pellentesque.,2024-10-13,2024-10-13,2,2
"Integer aliquet, massa id lobortis convallis, tortor risus dapibus augue, vel accumsan tellus nisi eu orci.",2024-10-13,2024-10-14,5,3
Nunc purus.,2024-10-13,2024-10-15,5,4
Nulla nisl.,2024-10-13,2024-10-15,5,5
Curabitur in libero ut massa volutpat convallis.,2024-10-13,2024-10-13,5,4
Duis consequat dui nec nisi volutpat eleifend.,2024-10-13,2024-10-14,2,1
Integer ac neque.,2024-10-13,2024-10-15,3,5
In quis justo.,2024-10-13,2024-10-14,5,3
Nulla facilisi.,2024-10-13,2024-10-13,2,1
Morbi porttitor lorem id ligula.,2024-10-13,2024-10-14,3,2
Praesent lectus.,2024-10-13,2024-10-16,3,1
Maecenas ut massa quis augue luctus tincidunt.,2024-10-13,2024-10-13,5,4
Aenean sit amet justo.,2024-10-13,2024-10-13,3,3
Duis consequat dui nec nisi volutpat eleifend.,2024-10-13,2024-10-14,3,1
Pellentesque viverra pede ac diam.,2024-10-13,2024-10-13,5,2
Sed sagittis.,2024-10-13,2024-10-16,2,1
Praesent lectus.,2024-10-13,2024-10-15,5,5
Etiam pretium iaculis justo.,2024-10-13,2024-10-13,3,5
Cras pellentesque volutpat dui.,2024-10-13,2024-10-13,1,3
Duis mattis egestas metus.,2024-10-13,2024-10-15,3,5
"Aliquam augue quam, sollicitudin vitae, consectetuer eget, rutrum at, lorem.",2024-10-13,2024-10-16,3,5
Curabitur in libero ut massa volutpat convallis.,2024-10-13,2024-10-15,3,4
Morbi quis tortor id nulla ultrices aliquet.,2024-10-13,2024-10-14,4,3
Curabitur convallis.,2024-10-13,2024-10-13,1,3
"Proin leo odio, porttitor id, consequat in, consequat ut, nulla.",2024-10-13,2024-10-13,1,2
Maecenas tincidunt lacus at velit.,2024-10-13,2024-10-13,2,3
Sed vel enim sit amet nunc viverra dapibus.,2024-10-13,2024-10-13,4,4
Phasellus in felis.,2024-10-13,2024-10-16,1,3
Fusce posuere felis sed lacus.,2024-10-13,2024-10-15,1,2
In hac habitasse platea dictumst.,2024-10-13,2024-10-13,1,1
In eleifend quam a odio.,2024-10-13,2024-10-16,5,2
"Lorem ipsum dolor sit amet, consectetuer adipiscing elit.",2024-10-13,2024-10-15,3,5
"Lorem ipsum dolor sit amet, consectetuer adipiscing elit.",2024-10-13,2024-10-14,1,2
Suspendisse accumsan tortor quis turpis.,2024-10-13,2024-10-14,3,4
Sed sagittis.,2024-10-13,2024-10-13,4,2
Donec posuere metus vitae ipsum.,2024-10-13,2024-10-16,4,3
"Vestibulum quam sapien, varius ut, blandit non, interdum in, ante.",2024-10-13,2024-10-13,3,2
"Integer aliquet, massa id lobortis convallis, tortor risus dapibus augue, vel accumsan tellus nisi eu orci.",2024-10-13,2024-10-13,2,1
Ut at dolor quis odio consequat varius.,2024-10-13,2024-10-15,3,3
Etiam justo.,2024-10-13,2024-10-16,3,1
"Integer pede justo, lacinia eget, tincidunt eget, tempus vel, pede.",2024-10-13,2024-10-13,3,1
Curabitur gravida nisi at nibh.,2024-10-13,2024-10-15,5,1
"Fusce lacus purus, aliquet at, feugiat non, pretium quis, lectus.",2024-10-13,2024-10-14,1,2
Aliquam non mauris.,2024-10-13,2024-10-14,1,3
Duis mattis egestas metus.,2024-10-13,2024-10-15,5,3
"Vestibulum ante ipsum primis in faucibus orci luctus et ultrices posuere cubilia Curae; Donec pharetra, magna vestibulum aliquet ultrices, erat tortor sollicitudin mi, sit amet lobortis sapien sapien non mi.",2024-10-13,2024-10-14,4,5
Vestibulum rutrum rutrum neque.,2024-10-13,2024-10-13,1,4
Vivamus vestibulum sagittis sapien.,2024-10-13,2024-10-14,1,2
Suspendisse ornare consequat lectus.,2024-10-13,2024-10-14,5,1
Suspendisse accumsan tortor quis turpis.,2024-10-13,2024-10-15,1,5
"Nam ultrices, libero non mattis pulvinar, nulla pede ullamcorper augue, a suscipit nulla elit ac nulla.",2024-10-13,2024-10-13,3,3
Aliquam quis turpis eget elit sodales scelerisque.,2024-10-13,2024-10-13,5,5
Vivamus in felis eu sapien cursus vestibulum.,2024-10-13,2024-10-16,4,2
In hac habitasse platea dictumst.,2024-10-13,2024-10-13,3,3
In hac habitasse platea dictumst.,2024-10-13,2024-10-13,4,5
"Duis bibendum, felis sed interdum venenatis, turpis enim blandit mi, in porttitor pede justo eu massa.",2024-10-13,2024-10-14,2,1
In quis justo.,2024-10-13,2024-10-15,1,4
Nam tristique tortor eu pede.,2024-10-13,2024-10-15,1,5
Pellentesque eget nunc.,2024-10-13,2024-10-13,3,2
Ut tellus.,2024-10-13,2024-10-13,2,5
"Integer pede justo, lacinia eget, tincidunt eget, tempus vel, pede.",2024-10-13,2024-10-15,1,5
Morbi vel lectus in quam fringilla rhoncus.,2024-10-13,2024-10-16,3,3
"Proin leo odio, porttitor id, consequat in, consequat ut, nulla.",2024-10-13,2024-10-14,2,3
Nullam sit amet turpis elementum ligula vehicula consequat.,2024-10-13,2024-10-14,2,5
Morbi non quam nec dui luctus rutrum.,2024-10-13,2024-10-16,2,5
Vestibulum ac est lacinia nisi venenatis tristique.,2024-10-13,2024-10-15,5,1
Nulla tellus.,2024-10-13,2024-10-16,1,5
Vivamus vel nulla eget eros elementum pellentesque.,2024-10-13,2024-10-14,4,3
Nulla mollis molestie lorem.,2024-10-13,2024-10-13,4,2
"Fusce lacus purus, aliquet at, feugiat non, pretium quis, lectus.",2024-10-13,2024-10-16,4,4
